,Tokens
0,0X91BC956F064D755DB2E4EFE839EF0131E0B07E28
1,0XD447D1572952A4C103C59A4F0793576EC59BF81D
2,0X88479186BAC914E4313389A64881F5ED0153C765
3,0X0EFFEC9798E84B70C9136F9E086FDD5BAAD4A2D5
4,0X0EFFEC9798E84B70C9136F9E086FDD5BAAD4A2D5
5,0X0566B9A8FFB8908682796751EED00722DA967BE0
6,0X1A4E3646BAEDA21276B34E408D4C6B75F6CC9A37
7,0X1A4E3646BAEDA21276B34E408D4C6B75F6CC9A37
8,0X1A4E3646BAEDA21276B34E408D4C6B75F6CC9A37
9,0X1A4E3646BAEDA21276B34E408D4C6B75F6CC9A37
10,0X1A4E3646BAEDA21276B34E408D4C6B75F6CC9A37
11,0XEF9A61E7A7C4D2249C740C4C0458C992598C4714
12,0X88479186BAC914E4313389A64881F5ED0153C765
13,0X88479186BAC914E4313389A64881F5ED0153C765
14,0X5416F06830C7826A2EE774C53A3589E707269AB3
15,0X5416F06830C7826A2EE774C53A3589E707269AB3
16,0X5416F06830C7826A2EE774C53A3589E707269AB3
